lonxa,fecha,ingresos_real,ingresos_predicho,ingresos_lower,ingresos_upper,error_absoluto,error_pct,modelo,fecha_ejecucion
"A Coruña (Lonja Coruña, S.A.)",2024-01-01,4118252.27,3760689.877962776,2972690.251416543,4540823.832217473,357562.392037224,8.682381957072872,Prophet_v2_por_lonxa,2026-06-10 08:06:30.523451
"A Coruña (Lonja Coruña, S.A.)",2024-02-01,3733533.67,3327841.610425051,2588320.778336576,4073390.279848765,405692.0595749491,10.866168499692387,Prophet_v2_por_lonxa,2026-06-10 08:06:30.523451
"A Coruña (Lonja Coruña, S.A.)",2024-03-01,3901170.43,4462941.145537478,3736985.675836641,5202909.676282563,561770.7155374778,14.40005571706022,Prophet_v2_por_lonxa,2026-06-10 08:06:30.523451
"A Coruña (Lonja Coruña, S.A.)",2024-04-01,4488983.18,4639844.798168051,3876800.8708180455,5430269.017135257,150861.61816805135,3.3607080293860974,Prophet_v2_por_lonxa,2026-06-10 08:06:30.523451
"A Coruña (Lonja Coruña, S.A.)",2024-05-01,4839028.72,4400448.229122855,3648388.391789389,5165656.911277015,438580.49087714497,9.063399212004366,Prophet_v2_por_lonxa,2026-06-10 08:06:30.523451
"A Coruña (Lonja Coruña, S.A.)",2024-06-01,4808331.95,5225000.09828665,4461843.402386975,5977293.275728502,416668.14828664996,8.66554457178544,Prophet_v2_por_lonxa,2026-06-10 08:06:30.523451
"A Coruña (Lonja Coruña, S.A.)",2024-07-01,7697932.01,6574069.589443,5853060.275562928,7364920.293229027,1123862.4205569997,14.599536850897696,Prophet_v2_por_lonxa,2026-06-10 08:06:30.523451
"A Coruña (Lonja Coruña, S.A.)",2024-08-01,5366962.67,5940446.306958212,5168874.238272106,6649796.669855197,573483.6369582117,10.68544113719747,Prophet_v2_por_lonxa,2026-06-10 08:06:30.523451
"A Coruña (Lonja Coruña, S.A.)",2024-09-01,4805465.78,4636324.026175673,3883798.2962134443,5407903.5366532765,169141.75382432714,3.5197785515044733,Prophet_v2_por_lonxa,2026-06-10 08:06:30.523451
"A Coruña (Lonja Coruña, S.A.)",2024-10-01,5547733.39,4598080.899073821,3761144.5635014013,5370302.571832311,949652.4909261791,17.117846590068005,Prophet_v2_por_lonxa,2026-06-10 08:06:30.523451
"A Coruña (Lonja Coruña, S.A.)",2024-11-01,4837717.64,5105231.633363781,4325383.754703863,5862382.01227137,267513.9933637809,5.529756246042109,Prophet_v2_por_lonxa,2026-06-10 08:06:30.523451
"A Coruña (Lonja Coruña, S.A.)",2024-12-01,5439003.59,5871602.482773779,5105630.01235137,6673323.030916415,432598.8927737791,7.953642346718494,Prophet_v2_por_lonxa,2026-06-10 08:06:30.523451
"A Coruña (Lonja Coruña, S.A.)",2025-01-01,3616697.57,3685227.555874255,2911876.9913054393,4460006.07007433,68529.98587425519,1.8948221284163163,Prophet_v2_por_lonxa,2026-06-10 08:06:30.523451
"A Coruña (Lonja Coruña, S.A.)",2025-02-01,5757346.2,3627017.7182834335,2887895.6864515706,4467896.76184649,2130328.4817165667,37.001917336785596,Prophet_v2_por_lonxa,2026-06-10 08:06:30.523451
"A Coruña (Lonja Coruña, S.A.)",2025-03-01,4337430.42,4957519.515057221,4234239.206572154,5683390.696626948,620089.0950572211,14.29623152449835,Prophet_v2_por_lonxa,2026-06-10 08:06:30.523451
"A Coruña (Lonja Coruña, S.A.)",2025-04-01,6426088.96,5901848.871536564,5154841.99328395,6712577.058727274,524240.0884634359,8.157996126829776,Prophet_v2_por_lonxa,2026-06-10 08:06:30.523451
"A Coruña (Lonja Coruña, S.A.)",2025-05-01,5120999.45,4970200.653946342,4175938.118930431,5769321.969419204,150798.79605365824,2.9447141622649116,Prophet_v2_por_lonxa,2026-06-10 08:06:30.523451
"A Coruña (Lonja Coruña, S.A.)",2025-06-01,6061255.09,6226623.25824424,5464606.503578815,6960398.749957765,165368.16824423987,2.728282604655068,Prophet_v2_por_lonxa,2026-06-10 08:06:30.523451
"A Coruña (Lonja Coruña, S.A.)",2025-07-01,9724416.28,7266477.292283349,6521149.157808491,8065298.321763206,2457938.9877166506,25.275954020724527,Prophet_v2_por_lonxa,2026-06-10 08:06:30.523451
"A Coruña (Lonja Coruña, S.A.)",2025-08-01,7430342.12,7360791.859537646,6552682.716128273,8199153.218290523,69550.26046235394,0.9360303918597215,Prophet_v2_por_lonxa,2026-06-10 08:06:30.523451
"A Coruña (Lonja Coruña, S.A.)",2025-09-01,6161711.59,5941409.023188798,5129675.109288922,6746718.818437018,220302.5668112021,3.5753469404302662,Prophet_v2_por_lonxa,2026-06-10 08:06:30.523451
"A Coruña (Lonja Coruña, S.A.)",2025-10-01,6627001.6,5686510.967195143,4927377.756811752,6465226.438277294,940490.6328048566,14.19179727985665,Prophet_v2_por_lonxa,2026-06-10 08:06:30.523451
"A Coruña (Lonja Coruña, S.A.)",2025-11-01,5472581.94,5697370.183380627,4922925.209410936,6420019.709144959,224788.24338062666,4.107535453011904,Prophet_v2_por_lonxa,2026-06-10 08:06:30.523451
"A Coruña (Lonja Coruña, S.A.)",2025-12-01,5315951.69,6156808.253629098,5425167.1036184905,6948155.045994014,840856.5636290973,15.817611081960326,Prophet_v2_por_lonxa,2026-06-10 08:06:30.523451
Burela,2024-01-01,4962410.01,5063254.825205726,4568504.110581109,5600238.356294441,100844.81520572584,2.032174185577339,Prophet_v2_por_lonxa,2026-06-10 08:06:30.523451
Burela,2024-02-01,4529455.64,4044262.580013929,3564107.8858570675,4643498.94576613,485193.05998607073,10.711950807096784,Prophet_v2_por_lonxa,2026-06-10 08:06:30.523451
Burela,2024-03-01,4560157.76,5545487.526835923,5023903.841252541,6095260.868165997,985329.7668359233,21.60736138295188,Prophet_v2_por_lonxa,2026-06-10 08:06:30.523451
Burela,2024-04-01,4584260.5,5181733.836969386,4695665.26138887,5730568.129641797,597473.3369693859,13.033145410680433,Prophet_v2_por_lonxa,2026-06-10 08:06:30.523451
Burela,2024-05-01,3921315.44,3401530.8530030656,2860497.1068779896,3952496.1115613002,519784.5869969344,13.255362771757387,Prophet_v2_por_lonxa,2026-06-10 08:06:30.523451
Burela,2024-06-01,4643015.06,4086489.134199061,3537827.133881639,4598204.114577778,556525.9258009386,11.986304558765283,Prophet_v2_por_lonxa,2026-06-10 08:06:30.523451
Burela,2024-07-01,5888357.17,6140568.912616842,5625554.254157315,6663613.122598197,252211.7426168425,4.283227653067834,Prophet_v2_por_lonxa,2026-06-10 08:06:30.523451
Burela,2024-08-01,6053597.43,5697121.0329204975,5154141.87535329,6228899.311076354,356476.39707950223,5.888670351829164,Prophet_v2_por_lonxa,2026-06-10 08:06:30.523451
Burela,2024-09-01,5700659.01,5113921.620924402,4578737.403034232,5660843.964929456,586737.3890755977,10.292448435283585,Prophet_v2_por_lonxa,2026-06-10 08:06:30.523451
Burela,2024-10-01,4551959.44,4721155.752909213,4173373.6236955663,5239543.726195521,169196.3129092129,3.71699957214937,Prophet_v2_por_lonxa,2026-06-10 08:06:30.523451
Burela,2024-11-01,3299098.06,4506354.160160149,3964567.4529278195,5038460.700603977,1207256.1001601494,36.59351975006616,Prophet_v2_por_lonxa,2026-06-10 08:06:30.523451
Burela,2024-12-01,5420163.9,5403906.952912612,4864995.7382907905,5943679.697015314,16256.947087388486,0.2999346032209189,Prophet_v2_por_lonxa,2026-06-10 08:06:30.523451
Burela,2025-01-01,4530997.15,4190124.592389577,3660891.065996444,4725085.470574064,340872.5576104233,7.523124520403268,Prophet_v2_por_lonxa,2026-06-10 08:06:30.523451
Burela,2025-02-01,3949042.49,3283289.893162833,2747809.120077206,3786769.037246937,665752.5968371672,16.85858277096348,Prophet_v2_por_lonxa,2026-06-10 08:06:30.523451
Burela,2025-03-01,4981833.34,5301138.476193603,4757795.482533269,5797664.646487598,319305.1361936033,6.409390166263637,Prophet_v2_por_lonxa,2026-06-10 08:06:30.523451
Burela,2025-04-01,4773006.22,5306326.340276658,4752693.322280941,5875390.6211836785,533320.1202766579,11.173673272033948,Prophet_v2_por_lonxa,2026-06-10 08:06:30.523451
Burela,2025-05-01,3452607.91,3448042.3430890613,2909202.311782446,3954622.080321271,4565.5669109388255,0.13223531399888455,Prophet_v2_por_lonxa,2026-06-10 08:06:30.523451
Burela,2025-06-01,4290446.42,3899056.332889583,3378311.7455871874,4426376.601426288,391390.08711041696,9.122362775256775,Prophet_v2_por_lonxa,2026-06-10 08:06:30.523451
Burela,2025-07-01,6730366.78,6081260.020388031,5543717.4902778445,6590777.475480739,649106.7596119689,9.644448524571626,Prophet_v2_por_lonxa,2026-06-10 08:06:30.523451
Burela,2025-08-01,6197822.91,6010412.089062565,5433530.389980976,6551101.578519919,187410.82093743514,3.023816970230844,Prophet_v2_por_lonxa,2026-06-10 08:06:30.523451
Burela,2025-09-01,4892652.41,5164127.486595402,4635947.702078294,5728875.614785165,271475.0765954014,5.548627898449082,Prophet_v2_por_lonxa,2026-06-10 08:06:30.523451
Burela,2025-10-01,4689458.1,4599337.676839843,4080184.1900152015,5143265.138028435,90120.42316015624,1.9217662518438163,Prophet_v2_por_lonxa,2026-06-10 08:06:30.523451
Burela,2025-11-01,4242874.6,4440722.52652435,3913388.699642145,5000148.897702758,197847.92652435042,4.663063257263141,Prophet_v2_por_lonxa,2026-06-10 08:06:30.523451
Burela,2025-12-01,5059188.67,5647295.734630899,5127872.171429803,6161227.462859636,588107.0646308986,11.624533161181724,Prophet_v2_por_lonxa,2026-06-10 08:06:30.523451
Celeiro,2024-01-01,4401253.88,4179989.9574043984,3889240.3700494594,4495334.2341592265,221263.92259560153,5.027292872175816,Prophet_v2_por_lonxa,2026-06-10 08:06:30.523451
Celeiro,2024-02-01,3830938.66,3337625.1375207757,3012448.8038558736,3647506.073013887,493313.5224792245,12.877092698717982,Prophet_v2_por_lonxa,2026-06-10 08:06:30.523451
Celeiro,2024-03-01,4809745.98,4928527.752887096,4610953.831893312,5236256.200933814,118781.77288709581,2.469605949690836,Prophet_v2_por_lonxa,2026-06-10 08:06:30.523451
Celeiro,2024-04-01,4265481.85,4789688.659465448,4490454.049097624,5083936.081134788,524206.8094654484,12.289509788101629,Prophet_v2_por_lonxa,2026-06-10 08:06:30.523451
Celeiro,2024-05-01,3272242.53,3275262.674589817,2967569.9756144956,3570654.6908470877,3020.1445898171514,0.09229586627911568,Prophet_v2_por_lonxa,2026-06-10 08:06:30.523451
Celeiro,2024-06-01,3236389.32,3142195.518547591,2858539.450808973,3464992.2428554166,94193.80145240901,2.910459531871432,Prophet_v2_por_lonxa,2026-06-10 08:06:30.523451
Celeiro,2024-07-01,3847798.82,3533271.0141436104,3233203.2902292865,3832999.9269681345,314527.80585638946,8.174226891009583,Prophet_v2_por_lonxa,2026-06-10 08:06:30.523451
Celeiro,2024-08-01,3237263.91,3445079.279421488,3156605.97207645,3750465.956283529,207815.36942148767,6.419475680667866,Prophet_v2_por_lonxa,2026-06-10 08:06:30.523451
Celeiro,2024-09-01,4173663.59,4093757.1339100385,3779909.2852127305,4401569.181822537,79906.45608996134,1.914539932768308,Prophet_v2_por_lonxa,2026-06-10 08:06:30.523451
Celeiro,2024-10-01,4269000.21,4256353.109562552,3945507.6045474866,4570803.2274818495,12647.10043744836,0.29625438780309543,Prophet_v2_por_lonxa,2026-06-10 08:06:30.523451
Celeiro,2024-11-01,3427446.12,3876345.380344984,3554005.0929523264,4183785.563779204,448899.260344984,13.097193788854774,Prophet_v2_por_lonxa,2026-06-10 08:06:30.523451
Celeiro,2024-12-01,4074568.83,4262527.733706986,3950641.4824680765,4579418.250454236,187958.90370698553,4.612976527064473,Prophet_v2_por_lonxa,2026-06-10 08:06:30.523451
Celeiro,2025-01-01,4276592.67,3886757.226381913,3610882.12382843,4186093.201786975,389835.4436180871,9.115561702959358,Prophet_v2_por_lonxa,2026-06-10 08:06:30.523451
Celeiro,2025-02-01,3865014.04,3173913.1941628815,2873650.0368172247,3475772.775330466,691100.8458371186,17.88094011262941,Prophet_v2_por_lonxa,2026-06-10 08:06:30.523451
Celeiro,2025-03-01,4435418.37,4795601.735562264,4513249.31024393,5115576.708252534,360183.3655622639,8.120617617459699,Prophet_v2_por_lonxa,2026-06-10 08:06:30.523451
Celeiro,2025-04-01,3857023.61,4608724.331041942,4301669.1418934725,4926458.6485447325,751700.7210419425,19.48913973699898,Prophet_v2_por_lonxa,2026-06-10 08:06:30.523451
Celeiro,2025-05-01,3406964.21,3105627.5164619586,2764639.9077947596,3417262.920599137,301336.6935380413,8.844727298677475,Prophet_v2_por_lonxa,2026-06-10 08:06:30.523451
Celeiro,2025-06-01,3104357.1,3045392.5895090816,2740913.1568649877,3348049.6104922015,58964.51049091853,1.899411330317589,Prophet_v2_por_lonxa,2026-06-10 08:06:30.523451
Celeiro,2025-07-01,3542470.5,3453794.7351922323,3165154.613832834,3750628.657941264,88675.7648077677,2.503218158281564,Prophet_v2_por_lonxa,2026-06-10 08:06:30.523451
Celeiro,2025-08-01,3440144.89,3410664.12728753,3096956.8388422467,3714370.6904730783,29480.762712470256,0.8569628214836688,Prophet_v2_por_lonxa,2026-06-10 08:06:30.523451
Celeiro,2025-09-01,4427719.98,4145278.617021377,3834139.352941504,4462617.298052353,282441.36297862325,6.378934626724593,Prophet_v2_por_lonxa,2026-06-10 08:06:30.523451
Celeiro,2025-10-01,4648495.75,4515280.666634294,4223177.180041357,4827661.888085048,133215.0833657058,2.8657675628875383,Prophet_v2_por_lonxa,2026-06-10 08:06:30.523451
Celeiro,2025-11-01,3251160.81,4030291.366050446,3727289.5131209837,4333815.202547161,779130.5560504459,23.96468835543222,Prophet_v2_por_lonxa,2026-06-10 08:06:30.523451
Celeiro,2025-12-01,4773659.8,4540317.85872103,4227896.752269846,4841805.878906484,233341.94127896987,4.888114173510435,Prophet_v2_por_lonxa,2026-06-10 08:06:30.523451
Ribeira,2024-01-01,2962992.95,2671102.7684751656,2374368.6998037323,2982224.526601265,291890.1815248346,9.851193926223639,Prophet_v2_por_lonxa,2026-06-10 08:06:30.523451
Ribeira,2024-02-01,2780474.93,2559870.8849876667,2254893.7883869754,2839055.5897826897,220604.04501233343,7.934041865730233,Prophet_v2_por_lonxa,2026-06-10 08:06:30.523451
Ribeira,2024-03-01,2382580.44,3206038.4788848218,2892263.6809227457,3513097.896703565,823458.0388848218,34.5616049330457,Prophet_v2_por_lonxa,2026-06-10 08:06:30.523451
Ribeira,2024-04-01,3384322.55,3027363.2476082775,2728910.2240812993,3326580.13003964,356959.30239172233,10.547437400484252,Prophet_v2_por_lonxa,2026-06-10 08:06:30.523451
Ribeira,2024-05-01,3353822.17,2773646.969207539,2471697.675633857,3077486.061130348,580175.2007924607,17.298925565646815,Prophet_v2_por_lonxa,2026-06-10 08:06:30.523451
Ribeira,2024-06-01,4073222.6,3262703.030549494,2956245.4353559213,3576098.164644941,810519.569450506,19.89873004854942,Prophet_v2_por_lonxa,2026-06-10 08:06:30.523451
Ribeira,2024-07-01,3831326.94,4053707.2763194204,3758489.4305848945,4369694.133097528,222380.3363194205,5.804264157091759,Prophet_v2_por_lonxa,2026-06-10 08:06:30.523451
Ribeira,2024-08-01,3882504.84,4384113.023823863,4100587.4077466656,4693124.467857332,501608.18382386304,12.919705306120443,Prophet_v2_por_lonxa,2026-06-10 08:06:30.523451
Ribeira,2024-09-01,3707620.19,3827904.782181219,3501667.8912510257,4132188.2451345925,120284.59218121925,3.2442533489715206,Prophet_v2_por_lonxa,2026-06-10 08:06:30.523451
Ribeira,2024-10-01,3937166.89,3684380.5753507144,3384259.411600968,3961217.6698482707,252786.31464928575,6.420513067183843,Prophet_v2_por_lonxa,2026-06-10 08:06:30.523451
Ribeira,2024-11-01,3377224.78,3556515.948107384,3252086.8622777592,3849144.9348259713,179291.16810738435,5.308831356714857,Prophet_v2_por_lonxa,2026-06-10 08:06:30.523451
Ribeira,2024-12-01,2412355.81,2586361.06724502,2306820.334655955,2856806.6175255803,174005.25724502,7.213084260775777,Prophet_v2_por_lonxa,2026-06-10 08:06:30.523451
Ribeira,2025-01-01,1692955.48,2160853.7344992617,1840764.376622961,2479167.1990346764,467898.25449926173,27.637953863929237,Prophet_v2_por_lonxa,2026-06-10 08:06:30.523451
Ribeira,2025-02-01,2857875.71,2237413.1877997937,1944550.2049212053,2522938.459152648,620462.5222002063,21.710619535662254,Prophet_v2_por_lonxa,2026-06-10 08:06:30.523451
Ribeira,2025-03-01,4285420.12,3541108.9095157585,3247910.374849304,3835662.489338474,744311.2104842416,17.368453725471415,Prophet_v2_por_lonxa,2026-06-10 08:06:30.523451
Ribeira,2025-04-01,3639560.0,3586720.5178945586,3280514.9576449,3880633.2537325257,52839.48210544139,1.451809617246079,Prophet_v2_por_lonxa,2026-06-10 08:06:30.523451
Ribeira,2025-05-01,3586054.11,3379606.1153268223,3062931.2759037223,3673215.73431852,206447.9946731776,5.756968197927655,Prophet_v2_por_lonxa,2026-06-10 08:06:30.523451
Ribeira,2025-06-01,3760076.82,3031118.0322666103,2728726.450116305,3331738.1866614562,728958.7877333895,19.38680571247982,Prophet_v2_por_lonxa,2026-06-10 08:06:30.523451
Ribeira,2025-07-01,4706299.66,4197829.981280837,3912597.214210978,4497682.147667069,508469.67871916294,10.804022596367417,Prophet_v2_por_lonxa,2026-06-10 08:06:30.523451
Ribeira,2025-08-01,4444984.28,4930124.879489746,4621925.175713497,5212458.754196553,485140.5994897457,10.914337800307038,Prophet_v2_por_lonxa,2026-06-10 08:06:30.523451
Ribeira,2025-09-01,4924613.8,4716498.783539081,4411571.131586152,5010891.832942473,208115.01646091882,4.226017001798574,Prophet_v2_por_lonxa,2026-06-10 08:06:30.523451
Ribeira,2025-10-01,3909777.29,4082503.2040399103,3811165.6162220067,4382386.297405763,172725.9140399103,4.417794192055126,Prophet_v2_por_lonxa,2026-06-10 08:06:30.523451
Ribeira,2025-11-01,2902568.6,3864958.6901292717,3526980.3817273485,4152286.828239688,962390.0901292716,33.15649766655891,Prophet_v2_por_lonxa,2026-06-10 08:06:30.523451
Ribeira,2025-12-01,2863898.68,2639130.137425097,2344816.772578777,2958776.9434504,224768.542574903,7.848341288907015,Prophet_v2_por_lonxa,2026-06-10 08:06:30.523451
Vigo,2024-01-01,7487322.45,7118034.683631112,6573271.458182586,7652941.518811654,369287.7663688883,4.932173935809167,Prophet_v2_por_lonxa,2026-06-10 08:06:30.523451
Vigo,2024-02-01,6770496.38,6749122.7661765665,6219626.517178515,7235906.547462381,21373.613823433407,0.31568754525253,Prophet_v2_por_lonxa,2026-06-10 08:06:30.523451
Vigo,2024-03-01,6708263.86,7472530.866326862,6928169.693208367,8055579.053258212,764267.0063268617,11.392918082486721,Prophet_v2_por_lonxa,2026-06-10 08:06:30.523451
Vigo,2024-04-01,8014364.56,6870203.571709094,6316756.817336726,7384519.228844603,1144160.988290906,14.276378117380101,Prophet_v2_por_lonxa,2026-06-10 08:06:30.523451
Vigo,2024-05-01,6551873.9,6980417.299601146,6456657.970185309,7491142.960356442,428543.39960114565,6.540776061046377,Prophet_v2_por_lonxa,2026-06-10 08:06:30.523451
Vigo,2024-06-01,5916923.61,6158599.572697711,5667841.347076958,6673396.65782041,241675.96269771084,4.084486781091143,Prophet_v2_por_lonxa,2026-06-10 08:06:30.523451
Vigo,2024-07-01,7285405.84,7293956.005262477,6776119.009214999,7799103.040927446,8550.165262477472,0.1173601780086622,Prophet_v2_por_lonxa,2026-06-10 08:06:30.523451
Vigo,2024-08-01,6734501.53,6870233.455411253,6325379.446652327,7392594.111386925,135731.9254112523,2.0154710011811714,Prophet_v2_por_lonxa,2026-06-10 08:06:30.523451
Vigo,2024-09-01,6890562.42,7079188.028144459,6547511.41864858,7593804.468445627,188625.60814445931,2.737448652913579,Prophet_v2_por_lonxa,2026-06-10 08:06:30.523451
Vigo,2024-10-01,6983682.78,7336165.463072401,6791010.011277927,7851290.147795544,352482.6830724003,5.047232157821468,Prophet_v2_por_lonxa,2026-06-10 08:06:30.523451
Vigo,2024-11-01,7104429.72,7327742.756505291,6794921.169415336,7830391.07690515,223313.03650529124,3.1432929215505174,Prophet_v2_por_lonxa,2026-06-10 08:06:30.523451
Vigo,2024-12-01,8749141.98,8204118.584816016,7659551.451250616,8749122.039052252,545023.3951839842,6.229449658376491,Prophet_v2_por_lonxa,2026-06-10 08:06:30.523451
Vigo,2025-01-01,6362503.5,6092218.233503693,5581762.499796498,6600616.886224684,270285.2664963072,4.248096154230913,Prophet_v2_por_lonxa,2026-06-10 08:06:30.523451
Vigo,2025-02-01,6991923.71,6270294.941061993,5711570.757646161,6786839.0558165945,721628.7689380068,10.320890199444221,Prophet_v2_por_lonxa,2026-06-10 08:06:30.523451
Vigo,2025-03-01,7673089.69,7622976.941376714,7056192.884106361,8131713.208169682,50112.748623286374,0.6530973916360722,Prophet_v2_por_lonxa,2026-06-10 08:06:30.523451
Vigo,2025-04-01,6267855.62,6764408.749563429,6257434.688711757,7287485.721244241,496553.12956342846,7.922217097327275,Prophet_v2_por_lonxa,2026-06-10 08:06:30.523451
Vigo,2025-05-01,5840783.31,6471340.67136336,5972405.7441017525,6958825.013905958,630557.3613633607,10.79576707260795,Prophet_v2_por_lonxa,2026-06-10 08:06:30.523451
Vigo,2025-06-01,5228866.61,5047593.840042762,4508158.439923671,5569846.585260408,181272.76995723788,3.466769827529371,Prophet_v2_por_lonxa,2026-06-10 08:06:30.523451
Vigo,2025-07-01,7329682.29,6723976.650408031,6188590.252920148,7256239.373755678,605705.6395919686,8.263736620867487,Prophet_v2_por_lonxa,2026-06-10 08:06:30.523451
Vigo,2025-08-01,6256447.34,6606122.799878858,6077421.98870234,7149307.364974275,349675.4598788582,5.589041845573309,Prophet_v2_por_lonxa,2026-06-10 08:06:30.523451
Vigo,2025-09-01,7218213.37,7075409.0159353055,6566248.726585054,7627664.155698577,142804.3540646946,1.9783892044284996,Prophet_v2_por_lonxa,2026-06-10 08:06:30.523451
Vigo,2025-10-01,8062211.52,7780868.045597371,7275432.151102523,8314257.92528368,281343.47440262884,3.489656326985438,Prophet_v2_por_lonxa,2026-06-10 08:06:30.523451
Vigo,2025-11-01,6500983.94,7668630.372315567,7144688.958177663,8217774.041582844,1167646.4323155666,17.96107240215035,Prophet_v2_por_lonxa,2026-06-10 08:06:30.523451
Vigo,2025-12-01,8401779.81,8286221.403345315,7740988.45397977,8878442.491591165,115558.40665468574,1.3754038937933764,Prophet_v2_por_lonxa,2026-06-10 08:06:30.523451
