lonxa,fecha,ingresos_real,ingresos_predicho,error_absoluto,error_pct,modelo,fecha_ejecucion
"A Coruña (Lonja Coruña, S.A.)",2024-01-01,4118252.27,4088443.25,29809.02000000002,0.7238269548747196,XGBoost_por_lonxa,2026-06-10 08:07:50.310831
"A Coruña (Lonja Coruña, S.A.)",2024-02-01,3733533.67,4149171.5,415637.8300000001,11.132558769719092,XGBoost_por_lonxa,2026-06-10 08:07:50.310831
"A Coruña (Lonja Coruña, S.A.)",2024-03-01,3901170.43,4792165.0,890994.5699999998,22.839160349116042,XGBoost_por_lonxa,2026-06-10 08:07:50.310831
"A Coruña (Lonja Coruña, S.A.)",2024-04-01,4488983.18,5177351.0,688367.8200000003,15.33460457296702,XGBoost_por_lonxa,2026-06-10 08:07:50.310831
"A Coruña (Lonja Coruña, S.A.)",2024-05-01,4839028.72,5065944.5,226915.78000000026,4.6892835965644,XGBoost_por_lonxa,2026-06-10 08:07:50.310831
"A Coruña (Lonja Coruña, S.A.)",2024-06-01,4808331.95,5233314.5,424982.5499999998,8.83846112163699,XGBoost_por_lonxa,2026-06-10 08:07:50.310831
"A Coruña (Lonja Coruña, S.A.)",2024-07-01,7697932.01,6296646.5,1401285.5099999998,18.203402006924193,XGBoost_por_lonxa,2026-06-10 08:07:50.310831
"A Coruña (Lonja Coruña, S.A.)",2024-08-01,5366962.67,5388353.0,21390.330000000075,0.3985555949469661,XGBoost_por_lonxa,2026-06-10 08:07:50.310831
"A Coruña (Lonja Coruña, S.A.)",2024-09-01,4805465.78,5265495.0,460029.21999999974,9.57304122140684,XGBoost_por_lonxa,2026-06-10 08:07:50.310831
"A Coruña (Lonja Coruña, S.A.)",2024-10-01,5547733.39,4970856.5,576876.8899999997,10.398424896189896,XGBoost_por_lonxa,2026-06-10 08:07:50.310831
"A Coruña (Lonja Coruña, S.A.)",2024-11-01,4837717.64,5733473.0,895755.3600000003,18.51607362516512,XGBoost_por_lonxa,2026-06-10 08:07:50.310831
"A Coruña (Lonja Coruña, S.A.)",2024-12-01,5439003.59,5607123.5,168119.91000000015,3.091005681796216,XGBoost_por_lonxa,2026-06-10 08:07:50.310831
"A Coruña (Lonja Coruña, S.A.)",2025-01-01,3616697.57,3951620.5,334922.93000000017,9.260462715437946,XGBoost_por_lonxa,2026-06-10 08:07:50.310831
"A Coruña (Lonja Coruña, S.A.)",2025-02-01,5757346.2,4323932.5,1433413.7000000002,24.897125345701813,XGBoost_por_lonxa,2026-06-10 08:07:50.310831
"A Coruña (Lonja Coruña, S.A.)",2025-03-01,4337430.42,4904434.5,567004.0800000001,13.072349872992318,XGBoost_por_lonxa,2026-06-10 08:07:50.310831
"A Coruña (Lonja Coruña, S.A.)",2025-04-01,6426088.96,5905915.0,520173.95999999996,8.094720805110049,XGBoost_por_lonxa,2026-06-10 08:07:50.310831
"A Coruña (Lonja Coruña, S.A.)",2025-05-01,5120999.45,5722133.0,601133.5499999998,11.738598214455966,XGBoost_por_lonxa,2026-06-10 08:07:50.310831
"A Coruña (Lonja Coruña, S.A.)",2025-06-01,6061255.09,6136696.5,75441.41000000015,1.2446499756208107,XGBoost_por_lonxa,2026-06-10 08:07:50.310831
"A Coruña (Lonja Coruña, S.A.)",2025-07-01,9724416.28,8098894.0,1625522.2799999993,16.715885387827097,XGBoost_por_lonxa,2026-06-10 08:07:50.310831
"A Coruña (Lonja Coruña, S.A.)",2025-08-01,7430342.12,6492287.5,938054.6200000001,12.624649105659216,XGBoost_por_lonxa,2026-06-10 08:07:50.310831
"A Coruña (Lonja Coruña, S.A.)",2025-09-01,6161711.59,5129021.5,1032690.0899999999,16.75979271207661,XGBoost_por_lonxa,2026-06-10 08:07:50.310831
"A Coruña (Lonja Coruña, S.A.)",2025-10-01,6627001.6,6398339.0,228662.59999999963,3.450468459219923,XGBoost_por_lonxa,2026-06-10 08:07:50.310831
"A Coruña (Lonja Coruña, S.A.)",2025-11-01,5472581.94,6645940.0,1173358.0599999996,21.440666816219466,XGBoost_por_lonxa,2026-06-10 08:07:50.310831
"A Coruña (Lonja Coruña, S.A.)",2025-12-01,5315951.69,6322067.5,1006115.8099999996,18.92635352372812,XGBoost_por_lonxa,2026-06-10 08:07:50.310831
Burela,2024-01-01,4962410.01,4389292.0,573118.0099999998,11.54918696450074,XGBoost_por_lonxa,2026-06-10 08:07:50.310831
Burela,2024-02-01,4529455.64,4185431.5,344024.13999999966,7.595264582390296,XGBoost_por_lonxa,2026-06-10 08:07:50.310831
Burela,2024-03-01,4560157.76,4684210.0,124052.24000000022,2.7203497450930345,XGBoost_por_lonxa,2026-06-10 08:07:50.310831
Burela,2024-04-01,4584260.5,4019475.25,564785.25,12.320095029503667,XGBoost_por_lonxa,2026-06-10 08:07:50.310831
Burela,2024-05-01,3921315.44,4116310.75,194995.31000000006,4.972701456529599,XGBoost_por_lonxa,2026-06-10 08:07:50.310831
Burela,2024-06-01,4643015.06,5097015.0,453999.9400000004,9.778127663449803,XGBoost_por_lonxa,2026-06-10 08:07:50.310831
Burela,2024-07-01,5888357.17,6046687.0,158329.83000000007,2.6888625371887906,XGBoost_por_lonxa,2026-06-10 08:07:50.310831
Burela,2024-08-01,6053597.43,5302944.5,750652.9299999997,12.400113134050933,XGBoost_por_lonxa,2026-06-10 08:07:50.310831
Burela,2024-09-01,5700659.01,4984108.5,716550.5099999998,12.569608333756483,XGBoost_por_lonxa,2026-06-10 08:07:50.310831
Burela,2024-10-01,4551959.44,4609205.0,57245.55999999959,1.2576025941039488,XGBoost_por_lonxa,2026-06-10 08:07:50.310831
Burela,2024-11-01,3299098.06,4226509.5,927411.44,28.111060148360668,XGBoost_por_lonxa,2026-06-10 08:07:50.310831
Burela,2024-12-01,5420163.9,5186934.5,233229.40000000037,4.302995339310687,XGBoost_por_lonxa,2026-06-10 08:07:50.310831
Burela,2025-01-01,4530997.15,4160282.75,370714.4000000004,8.181739862714334,XGBoost_por_lonxa,2026-06-10 08:07:50.310831
Burela,2025-02-01,3949042.49,3603971.5,345070.9900000002,8.738092610393771,XGBoost_por_lonxa,2026-06-10 08:07:50.310831
Burela,2025-03-01,4981833.34,4963379.5,18453.83999999985,0.3704226685351111,XGBoost_por_lonxa,2026-06-10 08:07:50.310831
Burela,2025-04-01,4773006.22,4170988.0,602018.2199999997,12.612977906406329,XGBoost_por_lonxa,2026-06-10 08:07:50.310831
Burela,2025-05-01,3452607.91,4257467.0,804859.0899999999,23.311627354755142,XGBoost_por_lonxa,2026-06-10 08:07:50.310831
Burela,2025-06-01,4290446.42,4642525.5,352079.0800000001,8.206117628197768,XGBoost_por_lonxa,2026-06-10 08:07:50.310831
Burela,2025-07-01,6730366.78,6054643.5,675723.2800000003,10.039917616495787,XGBoost_por_lonxa,2026-06-10 08:07:50.310831
Burela,2025-08-01,6197822.91,5892728.0,305094.91000000015,4.922614189375091,XGBoost_por_lonxa,2026-06-10 08:07:50.310831
Burela,2025-09-01,4892652.41,6198241.5,1305589.0899999999,26.684689215435185,XGBoost_por_lonxa,2026-06-10 08:07:50.310831
Burela,2025-10-01,4689458.1,4614399.5,75058.59999999963,1.600581525613794,XGBoost_por_lonxa,2026-06-10 08:07:50.310831
Burela,2025-11-01,4242874.6,4668454.5,425579.9000000004,10.030461423488699,XGBoost_por_lonxa,2026-06-10 08:07:50.310831
Burela,2025-12-01,5059188.67,4957804.0,101384.66999999993,2.003970925243235,XGBoost_por_lonxa,2026-06-10 08:07:50.310831
Celeiro,2024-01-01,4401253.88,4244390.5,156863.3799999999,3.5640611579534673,XGBoost_por_lonxa,2026-06-10 08:07:50.310831
Celeiro,2024-02-01,3830938.66,3602397.5,228541.16000000015,5.965670042860988,XGBoost_por_lonxa,2026-06-10 08:07:50.310831
Celeiro,2024-03-01,4809745.98,5013713.5,203967.51999999955,4.240712936777578,XGBoost_por_lonxa,2026-06-10 08:07:50.310831
Celeiro,2024-04-01,4265481.85,4429437.0,163955.15000000037,3.8437662089688738,XGBoost_por_lonxa,2026-06-10 08:07:50.310831
Celeiro,2024-05-01,3272242.53,3509996.0,237753.4700000002,7.265765536028292,XGBoost_por_lonxa,2026-06-10 08:07:50.310831
Celeiro,2024-06-01,3236389.32,3589183.5,352794.18000000017,10.900857255331697,XGBoost_por_lonxa,2026-06-10 08:07:50.310831
Celeiro,2024-07-01,3847798.82,3594127.5,253671.31999999983,6.592634694970872,XGBoost_por_lonxa,2026-06-10 08:07:50.310831
Celeiro,2024-08-01,3237263.91,3677947.0,440683.08999999985,13.61282559134945,XGBoost_por_lonxa,2026-06-10 08:07:50.310831
Celeiro,2024-09-01,4173663.59,4142393.75,31269.83999999985,0.7492180269373329,XGBoost_por_lonxa,2026-06-10 08:07:50.310831
Celeiro,2024-10-01,4269000.21,4016707.75,252292.45999999996,5.909872278970911,XGBoost_por_lonxa,2026-06-10 08:07:50.310831
Celeiro,2024-11-01,3427446.12,3710018.5,282572.3799999999,8.244400352528368,XGBoost_por_lonxa,2026-06-10 08:07:50.310831
Celeiro,2024-12-01,4074568.83,4349346.0,274777.1699999999,6.743711579416366,XGBoost_por_lonxa,2026-06-10 08:07:50.310831
Celeiro,2025-01-01,4276592.67,4283834.5,7241.8300000000745,0.16933644512840815,XGBoost_por_lonxa,2026-06-10 08:07:50.310831
Celeiro,2025-02-01,3865014.04,3851370.0,13644.040000000037,0.35301398284183305,XGBoost_por_lonxa,2026-06-10 08:07:50.310831
Celeiro,2025-03-01,4435418.37,4775428.5,340010.1299999999,7.66579613548383,XGBoost_por_lonxa,2026-06-10 08:07:50.310831
Celeiro,2025-04-01,3857023.61,4367192.5,510168.89000000013,13.227009777106346,XGBoost_por_lonxa,2026-06-10 08:07:50.310831
Celeiro,2025-05-01,3406964.21,3563870.25,156906.04000000004,4.605450199313952,XGBoost_por_lonxa,2026-06-10 08:07:50.310831
Celeiro,2025-06-01,3104357.1,3326588.5,222231.3999999999,7.158693179982416,XGBoost_por_lonxa,2026-06-10 08:07:50.310831
Celeiro,2025-07-01,3542470.5,3438193.25,104277.25,2.9436307232480834,XGBoost_por_lonxa,2026-06-10 08:07:50.310831
Celeiro,2025-08-01,3440144.89,3180805.0,259339.89000000013,7.538632769621518,XGBoost_por_lonxa,2026-06-10 08:07:50.310831
Celeiro,2025-09-01,4427719.98,4185651.5,242068.48000000045,5.467113572977134,XGBoost_por_lonxa,2026-06-10 08:07:50.310831
Celeiro,2025-10-01,4648495.75,4038411.0,610084.75,13.124347806492025,XGBoost_por_lonxa,2026-06-10 08:07:50.310831
Celeiro,2025-11-01,3251160.81,3752210.0,501049.18999999994,15.41139363081828,XGBoost_por_lonxa,2026-06-10 08:07:50.310831
Celeiro,2025-12-01,4773659.8,4365074.0,408585.7999999998,8.559172985054357,XGBoost_por_lonxa,2026-06-10 08:07:50.310831
Ribeira,2024-01-01,2962992.95,2977235.25,14242.299999999814,0.48067276029123907,XGBoost_por_lonxa,2026-06-10 08:07:50.310831
Ribeira,2024-02-01,2780474.93,2927947.25,147472.31999999983,5.303853611800047,XGBoost_por_lonxa,2026-06-10 08:07:50.310831
Ribeira,2024-03-01,2382580.44,2756128.75,373548.31000000006,15.678308431005169,XGBoost_por_lonxa,2026-06-10 08:07:50.310831
Ribeira,2024-04-01,3384322.55,2698211.25,686111.2999999998,20.273224252812426,XGBoost_por_lonxa,2026-06-10 08:07:50.310831
Ribeira,2024-05-01,3353822.17,2751904.25,601917.9199999999,17.947222288175162,XGBoost_por_lonxa,2026-06-10 08:07:50.310831
Ribeira,2024-06-01,4073222.6,3346737.5,726485.1000000001,17.835634615206153,XGBoost_por_lonxa,2026-06-10 08:07:50.310831
Ribeira,2024-07-01,3831326.94,4101966.0,270639.06000000006,7.063846657784836,XGBoost_por_lonxa,2026-06-10 08:07:50.310831
Ribeira,2024-08-01,3882504.84,4140553.5,258048.66000000015,6.646447863797129,XGBoost_por_lonxa,2026-06-10 08:07:50.310831
Ribeira,2024-09-01,3707620.19,4225056.5,517436.31000000006,13.956022555805536,XGBoost_por_lonxa,2026-06-10 08:07:50.310831
Ribeira,2024-10-01,3937166.89,3967170.5,30003.60999999987,0.762060914313944,XGBoost_por_lonxa,2026-06-10 08:07:50.310831
Ribeira,2024-11-01,3377224.78,3764796.0,387571.2200000002,11.476026774859807,XGBoost_por_lonxa,2026-06-10 08:07:50.310831
Ribeira,2024-12-01,2412355.81,2907624.75,495268.93999999994,20.530509551988516,XGBoost_por_lonxa,2026-06-10 08:07:50.310831
Ribeira,2025-01-01,1692955.48,2116633.0,423677.52,25.025910309230344,XGBoost_por_lonxa,2026-06-10 08:07:50.310831
Ribeira,2025-02-01,2857875.71,2265182.25,592693.46,20.738951590025582,XGBoost_por_lonxa,2026-06-10 08:07:50.310831
Ribeira,2025-03-01,4285420.12,3069631.0,1215789.12,28.370360103690373,XGBoost_por_lonxa,2026-06-10 08:07:50.310831
Ribeira,2025-04-01,3639560.0,3597452.75,42107.25,1.1569324313928058,XGBoost_por_lonxa,2026-06-10 08:07:50.310831
Ribeira,2025-05-01,3586054.11,3849872.0,263817.89000000013,7.356773821798248,XGBoost_por_lonxa,2026-06-10 08:07:50.310831
Ribeira,2025-06-01,3760076.82,4031491.25,271414.43000000017,7.218321406529141,XGBoost_por_lonxa,2026-06-10 08:07:50.310831
Ribeira,2025-07-01,4706299.66,4259766.0,446533.66000000015,9.487998900605495,XGBoost_por_lonxa,2026-06-10 08:07:50.310831
Ribeira,2025-08-01,4444984.28,4406599.0,38385.28000000026,0.8635639089369346,XGBoost_por_lonxa,2026-06-10 08:07:50.310831
Ribeira,2025-09-01,4924613.8,4082362.75,842251.0499999998,17.10288530645794,XGBoost_por_lonxa,2026-06-10 08:07:50.310831
Ribeira,2025-10-01,3909777.29,3988375.25,78597.95999999996,2.0102925095255224,XGBoost_por_lonxa,2026-06-10 08:07:50.310831
Ribeira,2025-11-01,2902568.6,3960963.25,1058394.65,36.464070134294154,XGBoost_por_lonxa,2026-06-10 08:07:50.310831
Ribeira,2025-12-01,2863898.68,2747657.75,116240.93000000017,4.058835279745307,XGBoost_por_lonxa,2026-06-10 08:07:50.310831
Vigo,2024-01-01,7487322.45,7035439.5,451882.9500000002,6.035307722054901,XGBoost_por_lonxa,2026-06-10 08:07:50.310831
Vigo,2024-02-01,6770496.38,7045281.0,274784.6200000001,4.058559440511806,XGBoost_por_lonxa,2026-06-10 08:07:50.310831
Vigo,2024-03-01,6708263.86,7005174.5,296910.63999999966,4.426042955322864,XGBoost_por_lonxa,2026-06-10 08:07:50.310831
Vigo,2024-04-01,8014364.56,7157977.5,856387.0599999996,10.685651414888964,XGBoost_por_lonxa,2026-06-10 08:07:50.310831
Vigo,2024-05-01,6551873.9,7119085.5,567211.5999999996,8.657242319636213,XGBoost_por_lonxa,2026-06-10 08:07:50.310831
Vigo,2024-06-01,5916923.61,6169559.5,252635.88999999966,4.269716945018995,XGBoost_por_lonxa,2026-06-10 08:07:50.310831
Vigo,2024-07-01,7285405.84,6838695.5,446710.33999999985,6.131577976718451,XGBoost_por_lonxa,2026-06-10 08:07:50.310831
Vigo,2024-08-01,6734501.53,6889694.0,155192.46999999974,2.3044388557737805,XGBoost_por_lonxa,2026-06-10 08:07:50.310831
Vigo,2024-09-01,6890562.42,7046272.0,155709.58000000007,2.259751389060054,XGBoost_por_lonxa,2026-06-10 08:07:50.310831
Vigo,2024-10-01,6983682.78,6841105.5,142577.28000000026,2.041577266486326,XGBoost_por_lonxa,2026-06-10 08:07:50.310831
Vigo,2024-11-01,7104429.72,7855186.5,750756.7800000003,10.567446080668672,XGBoost_por_lonxa,2026-06-10 08:07:50.310831
Vigo,2024-12-01,8749141.98,8416194.0,332947.98000000045,3.8054929358913023,XGBoost_por_lonxa,2026-06-10 08:07:50.310831
Vigo,2025-01-01,6362503.5,7208063.0,845559.5,13.289729428046678,XGBoost_por_lonxa,2026-06-10 08:07:50.310831
Vigo,2025-02-01,6991923.71,7014024.0,22100.290000000037,0.31608311126724287,XGBoost_por_lonxa,2026-06-10 08:07:50.310831
Vigo,2025-03-01,7673089.69,7177166.0,495923.6900000004,6.463155130928756,XGBoost_por_lonxa,2026-06-10 08:07:50.310831
Vigo,2025-04-01,6267855.62,6283758.0,15902.379999999888,0.2537132468281056,XGBoost_por_lonxa,2026-06-10 08:07:50.310831
Vigo,2025-05-01,5840783.31,6265118.0,424334.6900000004,7.265030518654876,XGBoost_por_lonxa,2026-06-10 08:07:50.310831
Vigo,2025-06-01,5228866.61,6066040.5,837173.8899999997,16.010618599429133,XGBoost_por_lonxa,2026-06-10 08:07:50.310831
Vigo,2025-07-01,7329682.29,6781237.5,548444.79,7.48251790869915,XGBoost_por_lonxa,2026-06-10 08:07:50.310831
Vigo,2025-08-01,6256447.34,6886826.0,630378.6600000001,10.075664762168369,XGBoost_por_lonxa,2026-06-10 08:07:50.310831
Vigo,2025-09-01,7218213.37,6948632.0,269581.3700000001,3.7347381710884515,XGBoost_por_lonxa,2026-06-10 08:07:50.310831
Vigo,2025-10-01,8062211.52,7454838.5,607373.0199999996,7.533578330130436,XGBoost_por_lonxa,2026-06-10 08:07:50.310831
Vigo,2025-11-01,6500983.94,7733874.0,1232890.0599999996,18.964668600611855,XGBoost_por_lonxa,2026-06-10 08:07:50.310831
Vigo,2025-12-01,8401779.81,8720013.0,318233.1899999995,3.787687813732403,XGBoost_por_lonxa,2026-06-10 08:07:50.310831
